0;App0e;hol;548.3724715508947;48400;
1;App1a;ty;322.94907660798947;40872;
2;App2m;asd;116.34411699394926;16682;
3;App3h;jjt;876.5870103706209;24693;
4;App4c;hth;884.864712685994;10079;
5;App5d;gss;763.3073879147946;12317;
6;App6x;hth;800.836950458352;22146;
7;App7l;hol;107.92416199237827;31174;
8;App8o;hyy;283.89148024676473;13038;
9;App9g;hol;697.0750674009721;31045;
10;App10x;css;473.90451670586464;31056;
11;App11i;hyy;969.1428253531923;21016;
12;App12v;lop;410.8146773420693;8701;
13;App13x;hth;983.9943024414133;39932;
14;App14p;ty;764.3425674262709;29469;
15;App15k;gss;436.5562060327077;6876;
16;App16p;gss;139.7148178421092;42299;
17;App17w;hol;903.1376856078117;12268;
18;App18t;asd;798.0086059686747;8374;
19;App19s;asd;599.4734474610393;36024;
20;App20h;hol;559.4295939272181;5419;
21;App21i;asd;310.05580367282573;10929;
22;App22l;ssh;591.885143993921;8602;
23;App23u;hol;234.53681943669972;7516;
24;App24q;hol;634.0081106692801;31710;
25;App25j;lop;594.1357268146168;36838;
26;App26h;css;695.2623549206893;9336;
27;App27y;hol;484.4195238022987;37670;
28;App28o;ssh;569.1109957691618;8641;
29;App29t;gss;930.5485426517695;13853;
30;App30g;ssh;592.1982748822995;23071;
31;App31s;ssh;305.17912618983627;19194;
32;App32f;jjt;180.68692043886108;26234;
33;App33a;ssh;395.5571861621237;33252;
34;App34w;asd;527.0091468908049;15135;
35;App35v;css;662.3310793721017;27982;
36;App36s;ssh;200.7131846951827;9058;
37;App37i;hyy;583.381813286022;37248;
38;App38y;jjt;800.4763100904861;23269;
39;App39x;hth;874.6816680534188;34163;
40;App40n;hth;272.4488999151832;35903;
41;App41x;ssh;280.500619234889;47211;
42;App42i;asd;721.9100975620945;49966;
43;App43v;css;678.0315808542824;42915;
44;App44s;hth;629.165589380571;16696;
45;App45y;ssh;310.2903818383488;33055;
46;App46h;jjt;455.9050142358079;48455;
47;App47a;gss;370.3577396118002;5127;
48;App48x;ty;317.37475771070166;36404;
49;App49r;hol;143.56204477742574;44273;
0;App0r;asd;328.03345923091274;18439;
1;App1h;hyy;584.0715605406056;7103;
2;App2n;jjt;229.67282927109588;4644;
3;App3m;hth;997.5251358248453;41146;
4;App4s;hyy;249.90893180569537;683;
5;App5k;lop;962.3877682275073;28665;
6;App6g;css;122.84607003652484;18443;
7;App7k;hyy;901.4841801662621;49213;
8;App8y;ssh;334.45492391401206;17541;
9;App9p;gss;602.3669370450009;30128;
10;App10g;hol;901.3309890085401;48608;
11;App11y;lop;670.0946167812947;21717;
12;App12e;ssh;804.4714833564092;25187;
13;App13h;ssh;156.6815729511026;2911;
14;App14y;gss;208.471298697922;49396;
15;App15x;css;309.6240810025962;30709;
16;App16l;hol;472.84012838363185;11044;
17;App17f;ssh;251.53394422737614;35096;
18;App18i;jjt;855.309474138772;8222;
19;App19a;jjt;890.9821615524532;25365;
20;App20k;hth;722.3921923167414;40386;
21;App21r;hyy;731.0762624046765;6143;
22;App22i;jjt;101.43370047237978;43198;
23;App23w;ssh;997.4920742438401;26138;
24;App24k;lop;693.715158932859;15656;
25;App25a;lop;135.10277568727855;26901;
26;App26t;gss;447.8540712123286;16347;
27;App27u;asd;253.28757544331415;20948;
28;App28m;css;998.8147682438298;38751;
29;App29m;hth;447.78598954288356;41016;
30;App30i;gss;496.92927859845435;43056;
31;App31l;hth;149.90408623645254;35199;
32;App32v;asd;961.7031397131148;7091;
33;App33h;jjt;459.95650845437154;8274;
34;App34m;ty;200.10772986873138;40332;
35;App35j;hyy;947.9289671902303;33310;
36;App36l;hol;437.0271441570894;23617;
37;App37u;gss;404.2939705852001;48964;
38;App38k;hyy;489.38452361664184;45154;
39;App39x;asd;663.646386935734;22506;
40;App40w;gss;322.7184888366294;21349;
41;App41x;lop;223.94548212833396;34329;
42;App42m;ssh;103.3414695800054;4621;
43;App43q;ssh;834.4073382107696;45109;
44;App44x;gss;252.02811332218204;29491;
45;App45u;hth;464.5767001777348;41493;
46;App46i;hth;240.2417874635167;38876;
47;App47b;hyy;258.5908483649987;36370;
48;App48h;lop;847.3633105252508;46428;
49;App49w;hyy;223.69712249550946;41109;
