0;App0c;ty;968.3465298781562;33212;
1;App1j;hth;102.10724896449851;26251;
2;App2l;asd;275.9633521232305;36377;
3;App3q;asd;223.04609320304115;30213;
4;App4o;jjt;686.5461943061783;47291;
5;App5f;ssh;951.5334759544048;9757;
6;App6w;ty;124.39026246014645;37781;
7;App7f;ssh;679.8426181095023;13541;
8;App8u;jjt;730.423115784686;43075;
9;App9w;ty;106.34328863060237;47538;
10;App10v;jjt;475.57334085306866;41738;
11;App11u;hyy;460.0687120848108;17849;
12;App12b;hth;731.4379703506295;8088;
13;App13r;hyy;508.35833834858;48316;
14;App14s;lop;861.7657036498605;2347;
15;App15h;gss;100.01923829798191;33246;
16;App16x;hol;919.9754452135372;30945;
17;App17f;css;553.1581472548157;21452;
18;App18u;hyy;961.0797343746757;45380;
19;App19w;jjt;954.2952062813246;21148;
20;App20n;hth;259.8981643422538;1223;
21;App21h;jjt;260.91545224425977;44082;
22;App22s;lop;794.4318080925563;25267;
23;App23m;jjt;983.9430279912357;1140;
24;App24t;ty;677.964544738624;16780;
25;App25y;hth;999.5787386349446;16994;
26;App26f;jjt;380.90115549141876;8485;
27;App27c;hth;639.7687062809971;32539;
28;App28l;jjt;722.9197130094547;14854;
29;App29c;lop;860.1833412142586;13350;
30;App30n;jjt;153.76137640866935;45201;
31;App31i;gss;636.1425692628065;8778;
32;App32i;asd;905.0549070976654;29814;
33;App33f;ssh;197.23304117832606;2772;
34;App34b;ssh;645.200572747183;25939;
35;App35b;hol;685.3241657934784;28569;
36;App36n;ssh;863.8999010268719;22637;
37;App37x;hol;956.362650697812;14513;
38;App38r;gss;735.8226939676994;4364;
39;App39f;ssh;254.88617706216345;19645;
40;App40r;css;531.21879739723;14074;
41;App41t;hyy;931.2943998995198;47024;
42;App42t;hol;162.1634947374811;30164;
43;App43b;lop;1000.8492785616455;44370;
44;App44i;ty;527.4237941369729;18296;
45;App45r;lop;1012.7566602708677;35749;
46;App46m;ty;668.5516382321948;20580;
47;App47a;asd;998.746470530268;1280;
48;App48f;lop;951.6468500028901;43898;
49;App49k;gss;115.2310173065398;32742;
0;App0o;gss;986.2099480227815;45824;
1;App1f;hth;162.46049682685464;9028;
2;App2u;ty;525.1426350779614;2402;
3;App3d;ty;729.0214542369285;26164;
4;App4u;asd;555.6885361407021;7014;
5;App5m;hyy;550.0241710516057;21063;
6;App6v;jjt;138.9081899032695;26075;
7;App7q;ty;506.5263211165857;26144;
8;App8e;ty;743.7481267657902;41268;
9;App9b;ty;626.0061290315552;13742;
10;App10u;ty;925.7134375925174;22271;
11;App11d;hyy;402.5740139185182;4446;
12;App12t;css;529.0073670816305;14328;
13;App13p;asd;724.3118049005022;17950;
14;App14s;gss;476.20228229849425;37358;
15;App15f;ssh;879.4200626046586;32251;
16;App16y;asd;146.14426749643968;39043;
17;App17n;lop;763.3617937246285;36171;
18;App18n;lop;577.2564271143722;29324;
19;App19e;gss;944.4349685114094;27405;
20;App20p;css;575.0911495886335;28212;
21;App21n;ssh;294.4900797118065;32167;
22;App22w;css;1020.4876401224619;27707;
23;App23y;hth;230.86470680091654;47168;
24;App24u;hyy;392.51689793521837;29363;
25;App25p;ssh;587.1664433376973;23326;
26;App26h;ty;721.6767805814277;7353;
27;App27q;hyy;590.1710963037433;2739;
28;App28m;hyy;276.35166450926687;35347;
29;App29c;css;351.80025917499376;49100;
30;App30t;lop;181.28970532465118;9780;
31;App31i;gss;302.7442174142013;36058;
32;App32i;ty;221.0758594431759;5637;
33;App33d;hol;410.1544781412369;4362;
34;App34t;ssh;772.5351327115364;19573;
35;App35c;asd;780.6624618892118;26795;
36;App36c;hth;823.9256041923809;7363;
37;App37t;asd;252.13477253641412;14804;
38;App38b;hyy;583.3514420563843;27247;
39;App39n;hth;822.1603737886325;45995;
40;App40b;asd;114.62249976031933;45016;
41;App41l;hol;112.51431207171707;48971;
42;App42h;asd;808.3035249350585;12814;
43;App43m;css;510.8967674038544;22928;
44;App44v;hyy;442.2036040191483;35972;
45;App45c;lop;722.1588628966664;44153;
46;App46a;hth;824.2927943554425;23775;
47;App47b;asd;879.5017781949301;35038;
48;App48k;jjt;242.02680656197455;28574;
49;App49b;ty;503.2580822123912;17973;
